{
"Belarus": { "zoom": 5, "geo":[25.7299058,53.6991569]},
"Netherlands": { "zoom": 6, "geo":[3.0350857,52.2093393]},
"South Korea": { "zoom": 6, "geo":[125.3994289,36.5784802]},
"Japan": { "zoom": 5, "geo":[135.501274,38.977426]},
"Germany": { "zoom": 5, "geo":[10.0375085,51.3553436]},
"Russia": { "zoom": 3, "geo":[56.833332,60.583332]}, 
"China":  {"zoom": 4, "geo": [114.2665,30.5856]}, 
"United Kingdom": {"zoom": 5, "geo": [-7.49553,54.8176015]}, 
"United States": {"zoom": 4, "geo": [-104.991531,39.742043]}, 
"Ukraine": {"zoom": 5, "geo": [32.0621,49.4285]},
"Spain": {"zoom": 5, "geo": [-8.2021534,40.1217287]},
"Turkey": {"zoom": 5, "geo": [30.6882249,39.0015039]},
"Singapore": {"zoom": 8, "geo": [103.7041652,1.3139961]},
"India": {"zoom": 4, "geo": [73.729723,20.7505486]},
"France": {"zoom": 5, "geo": [-2.4345493,46.131431]},
"Indonesia": {"zoom": 5, "geo": [99.4922831,-2.3208059]},
"Kazakhstan": {"zoom": 4, "geo": [56.4016138,48.4152723]},
"Finland": {"zoom": 4, "geo": [18.1448993,66.1416085]}
}